{"\u5851\u5f62": 0.6752577319587629, "\u8c03\u7406\u8eab\u5fc3": 0.2268041237113402, "\u589e\u5f3a\u529b\u91cf": 0.2268041237113402, "\u589e\u5f3a\u8010\u529b": 0.07216494845360824, "\u51cf\u8102\u7626\u8eab": 0.4536082474226804, "\u589e\u808c": 0.09278350515463918, "\u589e\u5f3a\u4f53\u8d28": 0.15463917525773196, "\u5f3a\u5316\u5fc3\u80ba": 0.061855670103092786, "\u589e\u5f3a\u6709\u6c27\u80fd\u529b": 0.05670103092783505, "\u5e73\u8861": 0.23195876288659795, "\u7f13\u89e3\u75bc\u75db": 0.33505154639175255, "\u51cf\u538b": 0.37628865979381443}